StudentID,Name,Email,Password
STU2001,"Liam Smith",stu2001@exam.com,pass2001
STU2002,"Noah Johnson",stu2002@exam.com,pass2002
STU2003,"Oliver Williams",stu2003@exam.com,pass2003
STU2004,"Elijah Brown",stu2004@exam.com,pass2004
STU2005,"William Jones",stu2005@exam.com,pass2005
STU2006,"James Garcia",stu2006@exam.com,pass2006
STU2007,"Benjamin Miller",stu2007@exam.com,pass2007
STU2008,"Lucas Davis",stu2008@exam.com,pass2008
STU2009,"Henry Rodriguez",stu2009@exam.com,pass2009
STU2010,"Alexander Martinez",stu2010@exam.com,pass2010
STU2011,"Mason Hernandez",stu2011@exam.com,pass2011
STU2012,"Michael Lopez",stu2012@exam.com,pass2012
STU2013,"Ethan Gonzalez",stu2013@exam.com,pass2013
STU2014,"Daniel Wilson",stu2014@exam.com,pass2014
STU2015,"Jacob Anderson",stu2015@exam.com,pass2015
STU2016,"Logan Thomas",stu2016@exam.com,pass2016
STU2017,"Jackson Taylor",stu2017@exam.com,pass2017
STU2018,"Levi Moore",stu2018@exam.com,pass2018
STU2019,"Sebastian Jackson",stu2019@exam.com,pass2019
STU2020,"Mateo Martin",stu2020@exam.com,pass2020
STU2021,"Jack Lee",stu2021@exam.com,pass2021
STU2022,"Owen Perez",stu2022@exam.com,pass2022
STU2023,"Theodore Thompson",stu2023@exam.com,pass2023
STU2024,"Aiden White",stu2024@exam.com,pass2024
STU2025,"Samuel Harris",stu2025@exam.com,pass2025
STU2026,"Joseph Sanchez",stu2026@exam.com,pass2026
STU2027,"John Clark",stu2027@exam.com,pass2027
STU2028,"David Ramirez",stu2028@exam.com,pass2028
STU2029,"Wyatt Lewis",stu2029@exam.com,pass2029
STU2030,"Carter Robinson",stu2030@exam.com,pass2030
STU2031,"Julian Walker",stu2031@exam.com,pass2031
STU2032,"Hudson Young",stu2032@exam.com,pass2032
STU2033,"Grayson Allen",stu2033@exam.com,pass2033
STU2034,"Matthew King",stu2034@exam.com,pass2034
STU2035,"Ezra Wright",stu2035@exam.com,pass2035
STU2036,"Gabriel Scott",stu2036@exam.com,pass2036
STU2037,"Waylon Torres",stu2037@exam.com,pass2037
STU2038,"Isaac Nguyen",stu2038@exam.com,pass2038
STU2039,"Lincoln Hill",stu2039@exam.com,pass2039
STU2040,"Lincoln Flores",stu2040@exam.com,pass2040
STU2041,"Olivia Green",stu2041@exam.com,pass2041
STU2042,"Emma Adams",stu2042@exam.com,pass2042
STU2043,"Charlotte Nelson",stu2043@exam.com,pass2043
STU2044,"Amelia Baker",stu2044@exam.com,pass2044
STU2045,"Ava Hall",stu2045@exam.com,pass2045
STU2046,"Sophia Rivera",stu2046@exam.com,pass2046
STU2047,"Isabella Campbell",stu2047@exam.com,pass2047
STU2048,"Mia Mitchell",stu2048@exam.com,pass2048
STU2049,"Evelyn Carter",stu2049@exam.com,pass2049
STU2050,"Harper Roberts",stu2050@exam.com,pass2050
STU2051,"Camila Smith",stu2051@exam.com,pass2051
STU2052,"Gianna Johnson",stu2052@exam.com,pass2052
STU2053,"Abigail Williams",stu2053@exam.com,pass2053
STU2054,"Luna Brown",stu2054@exam.com,pass2054
STU2055,"Ella Jones",stu2055@exam.com,pass2055
STU2056,"Elizabeth Garcia",stu2056@exam.com,pass2056
STU2057,"Sofia Miller",stu2057@exam.com,pass2057
STU2058,"Emily Davis",stu2058@exam.com,pass2058
STU2059,"Avery Rodriguez",stu2059@exam.com,pass2059
STU2060,"Mila Martinez",stu2060@exam.com,pass2060
STU2061,"Scarlett Hernandez",stu2061@exam.com,pass2061
STU2062,"Eleanor Lopez",stu2062@exam.com,pass2062
STU2063,"Madison Gonzalez",stu2063@exam.com,pass2063
STU2064,"Layla Wilson",stu2064@exam.com,pass2064
STU2065,"Penelope Anderson",stu2065@exam.com,pass2065
STU2066,"Aria Thomas",stu2066@exam.com,pass2066
STU2067,"Chloe Taylor",stu2067@exam.com,pass2067
STU2068,"Grace Moore",stu2068@exam.com,pass2068
STU2069,"Ellie Jackson",stu2069@exam.com,pass2069
STU2070,"Nora Martin",stu2070@exam.com,pass2070
STU2071,"Hazel Lee",stu2071@exam.com,pass2071
STU2072,"Zoey Perez",stu2072@exam.com,pass2072
STU2073,"Riley Thompson",stu2073@exam.com,pass2073
STU2074,"Victoria White",stu2074@exam.com,pass2074
STU2075,"Lily Harris",stu2075@exam.com,pass2075
STU2076,"Aurora Sanchez",stu2076@exam.com,pass2076
STU2077,"Violet Clark",stu2077@exam.com,pass2077
STU2078,"Nova Ramirez",stu2078@exam.com,pass2078
STU2079,"Hannah Lewis",stu2079@exam.com,pass2079
STU2080,"Emilia Robinson",stu2080@exam.com,pass2080
STU2081,"Liam Walker",stu2081@exam.com,pass2081
STU2082,"Noah Young",stu2082@exam.com,pass2082
STU2083,"Oliver Allen",stu2083@exam.com,pass2083
STU2084,"Elijah King",stu2084@exam.com,pass2084
STU2085,"William Wright",stu2085@exam.com,pass2085
STU2086,"James Scott",stu2086@exam.com,pass2086
STU2087,"Benjamin Torres",stu2087@exam.com,pass2087
STU2088,"Lucas Nguyen",stu2088@exam.com,pass2088
STU2089,"Henry Hill",stu2089@exam.com,pass2089
STU2090,"Alexander Flores",stu2090@exam.com,pass2090
STU2091,"Mason Green",stu2091@exam.com,pass2091
STU2092,"Michael Adams",stu2092@exam.com,pass2092
STU2093,"Ethan Nelson",stu2093@exam.com,pass2093
STU2094,"Daniel Baker",stu2094@exam.com,pass2094
STU2095,"Jacob Hall",stu2095@exam.com,pass2095
STU2096,"Logan Rivera",stu2096@exam.com,pass2096
STU2097,"Jackson Campbell",stu2097@exam.com,pass2097
STU2098,"Levi Mitchell",stu2098@exam.com,pass2098
STU2099,"Sebastian Carter",stu2099@exam.com,pass2099
STU2100,"Mateo Roberts",stu2100@exam.com,pass2100